Economy,Year,GDP,SteelProduction,Population
AUS,1990,73.8771369528662,6.68,16960.6
BD,1990,2.05208203424472,1.0,258.714
CDA,1990,144.46536982276,12.28,27541.322999999997
CHL,1990,23.4531839002217,0.77,13274.617
PRC,1990,512.4518333319611,66.35,1176883.6809999999
HKC,1990,7.546474691442251,0.15,5727.94199999999
INA,1990,163.54534475148,2.89,181413.39800000002
JPN,1990,930.5021308558361,110.34,124505.243
KOR,1990,131.671418889771,23.13,42918.416
MAS,1990,45.02202339235951,1.1,18029.824
MEX,1990,240.48530815235299,8.73,83943.135
NZ,1990,16.1654415392617,0.72,3398.175
PNG,1990,1.01016789365046,1.0,4615.843
PE,1990,18.705569288609503,0.27,22071.432999999997
RP,1990,63.089033281983795,0.6,61895.169
RUS,1990,489.241025199928,67.03,147531.562
SIN,1990,27.801558752989397,0.49,3012.968
CT,1990,49.2231369746331,9.75,20478.516
THA,1990,109.25662550147601,0.69,56558.195999999996
USA,1990,1626.3943182114099,89.73,252120.30899999998
VN,1990,13.9426996517081,0.1,67988.855
AUS,1991,67.05621310472829,6.14,17189.235
BD,1991,2.36968393923605,1.0,266.20799999999997
CDA,1991,141.45169872428298,12.99,27888.813
CHL,1991,26.054358276472907,0.81,13495.255
PRC,1991,560.07949574167,71.0,1192897.277
HKC,1991,7.976771047541421,0.15,5800.04
INA,1991,184.19642927074298,3.09,184591.897
JPN,1991,962.302011045954,109.65,124929.76400000001
KOR,1991,145.86134598993598,26.0,43373.148
MAS,1991,52.017545470986605,1.13,18519.941000000003
MEX,1991,247.65744520185902,7.96,85512.621
NZ,1991,16.0559118442742,0.81,3446.171
PNG,1991,1.18092980379377,1.0,4725.543
PE,1991,19.1206943377758,0.4,22522.382999999998
RP,1991,63.94847417796711,0.61,63454.785
RUS,1991,464.54932688712495,67.03,147995.584
SIN,1991,30.944103421427805,0.51,3101.1440000000002
CT,1991,52.05551855444681,10.97,20679.072
THA,1991,123.130485534221,0.71,57232.471
USA,1991,1624.6335982742098,79.74,254539.371
VN,1991,15.794948516719996,0.18,69436.9559999999
AUS,1992,67.3919813267953,6.8,17402.179
BD,1992,2.56788140681116,1.0,273.888
CDA,1992,142.725131178058,13.83,28224.41
CHL,1992,28.828199929526004,1.01,13719.818000000001
PRC,1992,639.7013130525601,80.94,1206711.243
HKC,1992,8.47411507181957,0.15,5864.745
INA,1992,203.65311166719002,2.95,187739.78600000002
JPN,1992,970.463001681801,98.13,125331.3
KOR,1992,149.91257318469195,28.06,43848.223
MAS,1992,57.2439536498313,1.56,19002.66
MEX,1992,251.40357479004,8.46,87075.136
NZ,1992,16.2757277182711,0.76,3503.1940000000004
PNG,1992,1.2982666679393795,1.0,4836.215999999989
PE,1992,19.0212007029306,0.34,22966.822
RP,1992,61.2927802508679,0.5,65020.124
RUS,1992,397.045321481443,67.03,148268.576
SIN,1992,31.559760183215502,0.48,3199.6420000000003
CT,1992,54.295805330880306,10.71,20868.148
THA,1992,129.67213146838094,0.93,57811.025
USA,1992,1681.8603825094594,84.32,256990.608
VN,1992,20.1605215156926,0.22,70883.488
AUS,1993,71.7447450237258,7.85,17603.211
BD,1993,2.45136161494037,1.0,281.684
CDA,1993,146.522842217822,14.39,28547.964
CHL,1993,31.187582018489397,1.07,13944.934
PRC,1993,728.4123789149229,89.56,1218817.0590000001
HKC,1993,8.99959926207041,0.15,5928.33599999999
INA,1993,222.351165967587,3.8,190851.18399999998
JPN,1993,965.4367811860491,99.62,125707.40699999999
KOR,1993,161.496099726527,33.03,44335.037000000004
MAS,1993,63.16010345492611,1.81,19484.901
MEX,1993,251.05939406716297,9.2,88625.44
NZ,1993,17.3402907001033,0.85,3564.473
PNG,1993,1.40211502329633,1.0,4949.053
PE,1993,20.0699553079053,0.42,23408.135
RP,1993,61.367532218468114,0.62,66593.90400000001
RUS,1993,362.62728761500006,58.35,148373.584
SIN,1993,35.3539156327069,0.52,3305.801
CT,1993,55.948905149032896,11.97,21044.7
THA,1993,134.717448642274,0.95,58337.773
USA,1993,1728.1593806354,88.79,259532.13
VN,1993,21.469202985557498,0.27,72300.308
AUS,1994,76.5261776372653,8.42,17798.526
BD,1994,2.4755046999953096,1.0,289.452
CDA,1994,153.108261861854,13.88,28860.734
CHL,1994,32.7009559522352,1.04,14166.346000000001
PRC,1994,823.485918763312,92.61,1230020.02599999
HKC,1994,9.54282282967652,0.15,5999.619000000001
INA,1994,250.29861363267003,3.22,193917.458
JPN,1994,975.024209118941,98.3,126053.127
KOR,1994,181.232690713144,33.75,44820.07
MAS,1994,70.87974472694441,2.05,19977.508
MEX,1994,252.20293692462997,10.26,90156.396
NZ,1994,18.753010093335604,0.77,3623.272
PNG,1994,1.3464191570547699,1.0,5065.664000000001
PE,1994,22.2761558789477,0.51,23851.405
RP,1994,62.8494952057593,0.47,68180.8459999999
RUS,1994,317.045922445932,48.81,148349.443
SIN,1994,37.9177030236948,0.53,3415.7009999999896
CT,1994,59.8752202294425,11.59,21207.424
THA,1994,144.007712480827,1.46,58875.275
USA,1994,1797.78414084273,91.24,262241.20399999997
VN,1994,22.972634058649398,0.3,73651.22
AUS,1995,78.9761735053353,8.46,17993.083
BD,1995,2.7990903718010003,1.0,297.112
CDA,1995,157.23296210080798,14.42,29164.153
CHL,1995,35.828092211256305,1.01,14380.864
PRC,1995,913.6512643939067,95.36,1240920.539
HKC,1995,9.76934925665398,0.15,6084.234
INA,1995,279.98202143891103,4.13,196934.25699999998
JPN,1995,1001.0965550310699,101.64,126365.48599999999
KOR,1995,202.18060874128201,36.77,45292.5209999999
MAS,1995,77.07930071960422,2.45,20487.604
MEX,1995,260.35387104406396,12.15,91663.29
NZ,1995,18.835660713179898,0.84,3674.94
PNG,1995,1.36317069017475,1.0,5187.063
PE,1995,22.9317234069315,0.51,24299.167999999998
RP,1995,65.0309467851754,0.92,69784.087
RUS,1995,303.9090345903,51.59,148227.471
SIN,1995,41.268142802507796,0.52,3525.9640000000004
CT,1995,63.373432587742215,11.61,21356.025
THA,1995,157.64966616648903,2.13,59467.272000000004
USA,1995,1846.0418292040506,95.19,265163.74100000004
VN,1995,25.300228835089406,0.27,74910.462
AUS,1996,79.6588891613166,8.42,18189.273999999998
BD,1996,2.82577153053994,1.0,304.62
CDA,1996,159.77883492990705,14.74,29457.82
CHL,1996,33.3039235587485,1.18,14587.367
PRC,1996,1004.3619649375901,101.24,1251636.178
HKC,1996,10.1853808013455,0.1,6185.584
INA,1996,320.427453918957,4.11,199901.23100000003
JPN,1996,1030.80481815758,98.8,126644.099
KOR,1996,208.494772581082,38.9,45751.023
MAS,1996,89.4975302432003,3.22,21017.619
MEX,1996,293.232900117523,13.2,93147.045
NZ,1996,18.370200873742398,0.81,3717.3520000000003
PNG,1996,1.6368965332297298,1.0,5314.258000000001
PE,1996,23.5341181852949,0.58,24753.825
RP,1996,68.27927830392791,0.92,71401.743
RUS,1996,292.4970393098,49.25,148020.851999999
SIN,1996,42.839116612653505,0.53,3638.177
CT,1996,67.06057399606749,12.42,21488.994
THA,1996,163.14949753281,2.13,60130.19
USA,1996,1915.6837815649496,95.54,268335.00800000003
VN,1996,28.005366596345606,0.31,76068.739
AUS,1997,79.96087484346751,8.83,18387.205
BD,1997,3.2725765467921097,1.0,311.962
CDA,1997,166.61743311059402,15.55,29742.377999999997
CHL,1997,35.12443924807991,1.17,14786.226999999999
PRC,1997,1097.0723001626,108.91,1261996.017
HKC,1997,10.7048016831073,1.0,6299.91199999999
INA,1997,350.892670965075,3.82,202826.444
JPN,1997,1041.07876100996,104.55,126892.745
KOR,1997,220.301418590038,42.55,46196.056
MAS,1997,97.90525688281778,2.96,21562.79
MEX,1997,313.349549817531,14.25,94611.008
NZ,1997,18.364818755304302,0.76,3752.355
PNG,1997,1.61911852526725,1.0,5446.633000000001
PE,1997,25.134995586158894,0.61,25210.957000000002
RP,1997,70.10634014163672,0.98,73030.879
RUS,1997,296.591751591428,48.5,147730.02
SIN,1997,44.368808708424794,0.38,3752.131
CT,1997,71.49887791890289,16.06,21608.3089999999
THA,1997,163.462438372156,2.1,60846.587999999996
USA,1997,2000.87838377383,98.49,271713.63399999996
VN,1997,32.8949907865073,0.31,77133.212
AUS,1998,84.7008214309713,8.94,18587.027
BD,1998,2.96467485616606,1.0,319.135
CDA,1998,173.670405569286,15.93,30022.077999999998
CHL,1998,35.793709038094306,1.17,14977.736
PRC,1998,1183.05659145952,114.59,1271982.3490000002
HKC,1998,10.0750652416059,1.0,6416.996
INA,1998,284.383772177133,2.7,205724.59699999998
JPN,1998,1006.40771148464,93.55,127117.436
KOR,1998,216.01122291694801,39.9,46620.698
MAS,1998,91.98634984087309,1.9,22114.647
MEX,1998,328.0331423085629,14.22,96056.31300000001
NZ,1998,17.901694445355893,0.76,3783.9759999999997
PNG,1998,1.5683517633110098,1.0,5581.767
PE,1998,24.2358568633543,0.63,25658.07
RP,1998,73.43149862207841,0.88,74672.009
RUS,1998,280.872502573032,43.82,147360.613
SIN,1998,44.444691319163596,0.5,3860.7209999999895
CT,1998,71.52965792617239,16.97,21721.513
THA,1998,154.66472830790903,1.81,61585.102999999996
USA,1998,2049.8904326155803,98.66,275175.309
VN,1998,36.1902810461587,0.31,78115.712
AUS,1999,85.32063300180161,8.17,18788.186999999998
BD,1999,3.02891765598127,1.0,326.214
CDA,1999,190.166742248583,16.24,30302.511000000002
CHL,1999,35.99172124044561,1.29,15162.801000000001
PRC,1999,1273.7672920031998,123.95,1281514.8329999999
HKC,1999,10.327608912944,1.0,6522.46099999999
INA,1999,298.091856041902,2.89,208615.171
JPN,1999,985.0635162714732,94.19,127326.06300000001
KOR,1999,242.343631604648,41.04,47016.952000000005
MAS,1999,104.93690818218799,2.77,22661.292999999998
MEX,1999,323.203327934097,15.27,97484.823
NZ,1999,18.605148278322503,0.78,3818.1279999999997
PNG,1999,1.4222187872382197,1.0,5716.166
PE,1999,24.281429917624997,0.56,26078.295
RP,1999,75.73137069623952,0.53,76325.927
RUS,1999,298.848103124916,51.51,146915.915
SIN,1999,47.326785120247,0.59,3954.741
CT,1999,80.2192160229271,15.44,21838.635
THA,1999,167.80791729553798,1.53,62298.569
USA,1999,2103.6268835186293,97.43,278548.148
VN,1999,39.1266302371153,0.31,79035.871
AUS,2000,85.82863198178941,7.13,18991.433999999997
BD,2000,3.5329142255989896,1.0,333.166
CDA,2000,199.03206115470797,16.6,30588.379
CHL,2000,39.2415781158736,1.35,15342.35
PRC,2000,1381.9293497657097,128.5,1290550.767
HKC,2000,11.1190692173946,1.0,6606.328
INA,2000,272.631484712495,2.85,211513.822
JPN,2000,1016.3592659836901,106.44,127524.168
KOR,2000,272.40825285270404,43.11,47379.237
MAS,2000,113.96480863182602,3.65,23194.252
MEX,2000,333.94852198990003,15.63,98899.845
NZ,2000,19.081378703768802,0.7,3858.992
PNG,2000,1.20595262362183,1.0,5847.59
PE,2000,25.8553339820709,0.75,26459.944
RP,2000,82.4418153406258,0.43,77991.757
RUS,2000,328.733113114991,59.14,146404.89
SIN,2000,58.4041720529191,0.6,4028.8720000000003
CT,2000,90.3263552184029,16.9,21966.528
THA,2000,176.54821225888801,2.1,62952.639
USA,2000,2142.76626949387,101.82,281710.914
VN,2000,43.5593862584198,0.31,79910.411
AUS,2001,83.0299421339633,7.03,19194.676
BD,2001,3.71549547839494,1.0,340.037
CDA,2001,190.51645553806895,15.28,30880.072
CHL,2001,42.1031202098404,1.25,15516.112
PRC,2001,1497.1810213983701,151.63,1299129.747
HKC,2001,9.877396282406849,1.0,6664.775
INA,2001,383.5066022643009,2.78,214427.419
JPN,2001,961.4802041701648,102.87,127713.82400000001
KOR,2001,269.988981305354,43.85,47706.225999999995
MAS,2001,108.88654182193301,4.1,23709.115
MEX,2001,316.20352258499,13.3,100298.15199999999
NZ,2001,19.3430067619734,0.83,3907.941
PNG,2001,1.1819635363415,1.0,5974.6269999999995
PE,2001,26.642158741835605,0.69,26799.289
RP,2001,85.5192191067201,0.5,79672.869
RUS,2001,345.498670277874,58.97,145830.726
SIN,2001,52.268467796158,0.46,4077.15
CT,2001,86.4986344195179,17.26,22108.715
THA,2001,179.066302638663,2.13,63539.19
USA,2001,1993.1575955785102,90.1,284607.99199999997
VN,2001,49.2980765044689,0.32,80742.5
AUS,2002,82.87064999929468,7.53,19401.366
BD,2002,3.84919419958352,1.0,346.777
CDA,2002,193.073761237226,16.0,31178.26
CHL,2002,43.5381052159047,1.28,15684.413
PRC,2002,1633.8833196125,182.25,1307352.256
HKC,2002,8.73616446005431,1.0,6701.771
INA,2002,416.382373115756,2.46,217357.79
JPN,2002,945.8534304174159,107.75,127893.075
KOR,2002,284.87174038531094,45.39,47999.551
MAS,2002,114.404522516934,4.72,24208.391
MEX,2002,302.344732633065,14.01,101684.76400000001
NZ,2002,20.730898367783407,0.77,3963.202
PNG,2002,1.05000352664371,1.0,6098.621
PE,2002,27.94661047785049,0.61,27100.964
RP,2002,88.7291018112316,0.55,81365.26
RUS,2002,361.7370798261729,59.78,145215.707
SIN,2002,57.4324685746593,0.46,4104.407
CT,2002,98.7816193186238,18.23,22262.297000000002
THA,2002,194.698738261402,2.54,64069.093
USA,2002,1958.3947359451001,91.59,287279.312
VN,2002,54.5399482727147,0.41,81534.406
AUS,2003,87.85662461041849,7.54,19624.163
BD,2003,3.8679335440821,1.0,353.295
CDA,2003,187.34612224500202,15.93,31488.046000000002
CHL,2003,43.8984330991081,1.38,15849.649
PRC,2003,1797.8533634810397,222.34,1315303.522
HKC,2003,7.923715691198651,1.0,6724.687
INA,2003,385.76158182889696,2.04,220309.473
JPN,2003,970.7304972737642,110.51,128058.368
KOR,2003,288.90943253534493,46.31,48260.901
MAS,2003,123.850197975945,3.96,24698.821
MEX,2003,295.019362417427,15.16,103081.02
NZ,2003,20.5149431475797,0.85,4022.074
PNG,2003,1.11971508331517,1.0,6223.378000000001
PE,2003,28.922157768079494,0.67,27372.217
RP,2003,92.9512685343004,0.5,83051.97
RUS,2003,367.0392546100461,61.45,144610.876
SIN,2003,60.104897068064105,0.56,4129.227
CT,2003,113.75733616208099,18.83,22419.785
THA,2003,216.375601910326,3.55,64549.867
USA,2003,1995.05107266424,93.68,289815.567
VN,2003,57.93370262647961,0.54,82301.65
AUS,2004,91.58887887112749,7.41,19879.654
BD,2004,3.37260440000462,1.0,359.434
CDA,2004,190.05645670833505,16.31,31815.49
CHL,2004,44.080689209117004,1.58,16014.972
PRC,2004,1979.63833451048,272.8,1323084.639
HKC,2004,8.3127847467526,1.0,6744.563
INA,2004,402.48680975118,3.68,223285.66600000003
JPN,2004,1002.56935354536,112.72,128204.183
KOR,2004,326.598619976551,47.52,48493.434
MAS,2004,134.237681550035,5.7,25190.647
MEX,2004,307.508597232057,16.74,104514.93400000001
NZ,2004,21.107751193747198,0.89,4080.421
PNG,2004,1.1807549335746699,1.0,6354.24699999999
PE,2004,32.276418338922504,0.73,27624.226000000002
RP,2004,96.3826311061669,0.4,84710.54400000001
RUS,2004,416.721449275289,65.58,144080.649
SIN,2004,72.2808772036493,0.61,4177.202
CT,2004,130.747722407034,19.6,22570.229
THA,2004,228.677006791663,4.53,64995.303
USA,2004,2049.7076404504396,99.68,292354.663
VN,2004,62.3300449116374,0.69,83062.819
AUS,2005,89.71190195816841,7.76,20178.543
BD,2005,3.1360245961135798,1.0,365.11199999999997
CDA,2005,186.998791780588,15.33,32164.313
CHL,2005,41.758569657173,1.54,16182.713
PRC,2005,2213.4305450369798,355.79,1330776.38
HKC,2005,8.3628314435538,1.0,6769.579000000001
INA,2005,415.420400118107,3.68,226289.468
JPN,2005,1034.16509904637,112.47,128326.115
KOR,2005,336.705640522392,47.82,48701.069
MAS,2005,128.230289408628,5.3,25690.615
MEX,2005,296.99744900011,16.2,106005.19900000001
NZ,2005,21.762367627183203,0.89,4135.353
PNG,2005,0.437578756254416,1.0,6494.90199999999
PE,2005,34.67998165967209,0.79,27866.14
RP,2005,101.430743675049,0.47,86326.2509999999
RUS,2005,456.90364200181887,66.15,143672.125
SIN,2005,77.4781398024563,0.57,4265.693
CT,2005,148.96961204675898,18.94,22705.718999999903
THA,2005,239.78084397424306,5.16,65416.189000000006
USA,2005,2091.59672408057,94.9,294993.50899999996
VN,2005,62.04349217276391,0.89,83832.662
AUS,2006,88.21044637912281,7.88,20526.3
BD,2006,2.81001459860113,1.0,370.26199999999994
CDA,2006,183.50701710427902,15.49,32536.994
CHL,2006,40.036347656855995,1.61,16354.507
PRC,2006,2522.82952514382,421.02,1338408.644
HKC,2006,8.41606408987049,1.0,6802.0830000000005
INA,2006,440.35236640297103,3.76,229318.262
JPN,2006,1047.3497011608001,116.23,128422.74
KOR,2006,348.089219483695,48.46,48880.449
MAS,2006,135.472388848459,5.83,26201.953999999998
MEX,2006,328.7665205276209,16.45,107560.155
NZ,2006,20.4961391047518,0.81,4185.8820000000005
PNG,2006,0.4612515217383499,1.0,6646.891
PE,2006,37.1120723324608,0.9,28102.055
RP,2006,104.830324466957,0.56,87888.675
RUS,2006,482.10568804630304,70.83,143403.258
SIN,2006,82.89952152168199,0.61,4402.3240000000005
CT,2006,167.440703190991,20.0,22823.846
THA,2006,256.28171065089697,4.91,65812.54
USA,2006,2151.48389455908,98.19,297758.977
VN,2006,68.3384578386695,1.87,84617.545
AUS,2007,85.9873615467146,7.94,20916.339
BD,2007,2.76574424622885,1.0,374.967
CDA,2007,185.606911980582,15.57,32930.795
CHL,2007,38.96304852400949,1.68,16530.201
PRC,2007,2875.7382568717303,489.71,1345993.89099999
HKC,2007,6.65489971605866,1.0,6840.017
INA,2007,459.974342639754,4.16,232374.23899999997
JPN,2007,1087.4397477277698,120.2,128494.05
KOR,2007,372.67944359300697,51.52,49034.812999999995
MAS,2007,136.464627922447,6.9,26720.367000000002
MEX,2007,321.38048375932794,17.57,109170.50300000001
NZ,2007,19.5464538175597,0.85,4233.045999999989
PNG,2007,0.512517256283659,1.0,6808.503000000001
PE,2007,40.385501410495,0.88,28333.05
RP,2007,107.617187959916,0.72,89405.4819999999
RUS,2007,517.0435629394229,72.39,143266.207
SIN,2007,81.009199926607,0.64,4578.629
CT,2007,198.09571989958096,20.9,22927.222
THA,2007,273.87111503657104,5.57,66182.064
USA,2007,2156.14883121129,98.1,300608.425
VN,2007,73.2094759616129,2.02,85419.588
AUS,2008,88.31403133825891,7.63,21332.292999999998
BD,2008,3.5811950972523703,1.0,379.418
CDA,2008,167.493658370634,14.95,33337.638
CHL,2008,37.6025790180108,1.55,16708.255
PRC,2008,3127.66855865873,512.34,1353569.48
HKC,2008,6.396303912425999,1.0,6881.861
INA,2008,501.44296429955705,3.92,235469.755
JPN,2008,1043.98900980153,118.74,128538.644
KOR,2008,388.2940781524261,53.63,49182.458
MAS,2008,134.504846382045,6.42,27236.002999999997
MEX,2008,323.44966248812494,17.21,110815.272
NZ,2008,19.4790539815776,0.8,4278.156
PNG,2008,0.533286198795762,1.0,6976.2
PE,2008,43.480353809853305,1.1,28562.321
RP,2008,112.394556618882,0.71,90901.96699999999
RUS,2008,537.398849331698,68.51,143248.764
SIN,2008,71.30957098983431,0.76,4775.81
CT,2008,209.90657436557905,19.88,23019.042
THA,2008,278.25155224116804,5.21,66530.98
USA,2008,2064.4699654626293,91.9,303486.022
VN,2008,74.15831113436809,2.25,86243.424
AUS,2009,82.62789483238991,5.25,21750.852000000003
BD,2009,3.5851374603483097,1.0,383.902
CDA,2009,154.417734509219,9.29,33746.093
CHL,2009,37.31586369648381,1.31,16886.1839999999
PRC,2009,3365.9304562439306,577.07,1361169.41
HKC,2009,5.85144700197026,1.0,6924.642
INA,2009,497.13713968757895,3.5,238620.55399999997
JPN,2009,882.2790021713408,87.53,128555.196
KOR,2009,394.879331597114,48.57,49347.45
MAS,2009,128.366902327257,5.35,27735.037999999997
MEX,2009,291.92718392369204,14.13,112463.886
NZ,2009,16.8889476954885,0.77,4323.338
PNG,2009,0.587481062028277,1.0,7144.774
PE,2009,41.25010416149249,0.72,28792.662999999997
RP,2009,105.976930776882,0.82,92414.161
RUS,2009,427.9544270201851,60.01,143326.904
SIN,2009,70.31276923586509,0.66,4966.6140000000005
CT,2009,206.996576337668,15.81,23104.542
THA,2009,266.457822693444,3.65,66866.834
USA,2009,1926.03306151916,59.38,306307.565
VN,2009,76.9891870067058,2.7,87092.25
AUS,2010,79.837677231719,7.3,22154.687
BD,2010,3.92503773725906,1.0,388.634
CDA,2010,158.54256378612405,13.01,34147.566
CHL,2010,37.8686334486247,1.01,17062.531000000003
PRC,2010,3725.88922322214,638.74,1368810.604
HKC,2010,6.180332182802231,1.0,6966.3240000000005
INA,2010,441.58263861530105,3.66,241834.22600000002
JPN,2010,1000.25301212438,109.6,128542.349
KOR,2010,448.778908784798,58.91,49545.638
MAS,2010,135.775205560501,5.69,28208.028
MEX,2010,316.33018958028197,16.87,114092.961
NZ,2010,17.255999927335893,0.85,4370.06
PNG,2010,0.609094758665422,1.0,7310.512
PE,2010,45.45705531169281,0.88,29027.68
RP,2010,115.054726198815,1.05,93966.784
RUS,2010,444.351814316005,66.94,143479.27300000002
SIN,2010,82.5139747352038,0.73,5131.17
CT,2010,262.28695554918596,19.76,23187.556
THA,2010,300.592770503395,4.15,67195.032
USA,2010,2009.2934166573293,80.5,309011.469
VN,2010,57.96127607067929,4.31,87967.655
AUS,2011,75.26878307361879,6.4,22538.002
BD,2011,4.48980492911296,1.0,393.68699999999995
CDA,2011,162.68538447990102,12.89,34539.156
CHL,2011,41.0742862547008,1.62,17233.584
PRC,2011,4140.102827932629,701.97,1376497.6330000001
HKC,2011,5.981330138908478,1.0,7006.598000000001
INA,2011,462.918251486268,3.62,245115.988
JPN,2011,943.1178379141792,107.6,128498.966
KOR,2011,476.629391556715,68.52,49786.153
MAS,2011,142.27016064473796,5.94,28650.962000000003
MEX,2011,323.4839222703401,18.11,115695.46800000001
NZ,2011,17.8131442362672,0.84,4418.674
PNG,2011,0.6331332380608261,1.0,7472.196
PE,2011,46.888358073799495,0.88,29264.314
RP,2011,117.305423604416,1.2,95570.049
RUS,2011,418.659123151817,68.85,143703.027
SIN,2011,82.65311557080499,0.75,5263.64
CT,2011,292.357105205448,20.18,23268.76
THA,2011,284.23039213591204,4.24,67518.379
USA,2011,2043.7931071331006,86.4,311584.05100000004
VN,2011,63.520059263777284,4.9,88871.384
AUS,2012,74.7980138239552,4.89,22903.951
BD,2012,4.58269889669727,1.0,398.99699999999996
CDA,2012,166.867679736377,13.51,34922.031
CHL,2012,42.449341818255796,1.67,17400.359
PRC,2012,4390.82359627799,731.04,1384206.408
HKC,2012,5.780716970739291,1.0,7046.847
INA,2012,483.842441347218,2.25,248451.71399999998
JPN,2012,960.4214766391409,107.23,128423.571
KOR,2012,482.25822997492105,69.07,50060.639
MAS,2012,148.88596574898597,5.61,29068.189
MEX,2012,357.0062950518641,18.07,117274.156
NZ,2012,17.6684385224691,0.91,4468.462
PNG,2012,0.6513685154371689,1.0,7631.003000000001
PE,2012,50.007697890717296,0.98,29506.79
RP,2012,121.962336322396,1.26,97212.63900000001
RUS,2012,442.488743289891,70.21,143993.888
SIN,2012,84.27742282597349,0.69,5369.469
CT,2012,312.228087826286,20.66,23346.897999999903
THA,2012,294.100962496703,3.33,67835.969
USA,2012,2072.28412692732,88.7,314043.885
VN,2012,66.5032167872712,5.3,89801.9259999999
AUS,2013,72.01441342815711,4.69,23254.912
BD,2013,4.45130699635087,1.0,404.414
CDA,2013,163.687479387167,12.42,35296.535
CHL,2013,45.4338127706668,1.32,17571.511000000002
PRC,2013,4603.223055561701,822.0,1391883.335
HKC,2013,5.59542658246476,1.0,7088.78
INA,2013,500.67700194831804,2.64,251805.31399999998
JPN,2013,964.9729959757468,110.6,128314.189
KOR,2013,497.460410974385,66.06,50345.72
MAS,2013,153.870546000801,4.69,29468.923
MEX,2013,350.442977630742,18.24,118827.15800000001
NZ,2013,17.497499553544,0.9,4518.519
PNG,2013,0.6692223504906529,1.0,7788.388000000001
PE,2013,51.7720380519097,1.07,29773.986
RP,2013,129.674969024571,1.31,98871.558
RUS,2013,432.201057958241,69.01,144325.456
SIN,2013,81.5039392836348,0.43,5453.732
CT,2013,323.69413689972805,22.28,23421.582000000002
THA,2013,297.935958472134,3.58,68144.519
USA,2013,2102.3719200771297,86.88,316400.539
VN,2013,70.3754076172119,5.47,90752.59300000001
AUS,2014,71.155567254179,4.61,23596.426
BD,2014,4.24932381452256,1.0,409.778
CDA,2014,165.50864732441602,12.73,35664.337999999996
CHL,2014,47.082391077465104,1.08,17758.9689999999
PRC,2014,4912.443194280781,822.31,1399453.966
HKC,2014,5.03065565308634,1.0,7134.668000000001
INA,2014,526.906483307156,4.43,255128.076
JPN,2014,983.2920289579739,110.67,128168.63
KOR,2014,500.436976786794,71.54,50607.904
MAS,2014,163.350126808187,4.32,29866.606
MEX,2014,361.8032855609681,18.93,120355.13699999999
NZ,2014,19.6328501607025,0.86,4567.522
PNG,2014,0.662628900240355,1.0,7946.733
PE,2014,49.8899663866961,1.08,30090.372000000003
RP,2014,138.953554313214,1.2,100513.13699999999
RUS,2014,441.179871229112,71.46,144664.837
SIN,2014,86.41796764779959,0.54,5525.628000000001
CT,2014,358.30601594862,23.12,23491.976000000002
THA,2014,300.743390146922,4.1,68438.7479999999
USA,2014,2123.3228014290303,88.17,318673.422
VN,2014,73.7117070059362,5.85,91713.85
AUS,2015,71.93882949460222,4.93,23932.499
BD,2015,3.8062771844596703,1.0,414.914
CDA,2015,176.15997457621498,12.47,36026.668
CHL,2015,49.6237035022541,1.11,17969.356
PRC,2015,5080.015545198769,803.83,1406847.868
HKC,2015,4.65032149772767,1.0,7185.99199999999
INA,2015,550.256333756139,4.85,258383.25699999998
JPN,2015,1049.8980996256998,105.13,127985.13900000001
KOR,2015,506.848466789317,69.67,50823.087
MAS,2015,167.30954561602502,3.78,30270.965
MEX,2015,402.891328899532,18.22,121858.25099999999
NZ,2015,20.750575350080695,0.79,4614.527
PNG,2015,0.6057801635913629,1.0,8107.772
PE,2015,50.879005269605905,1.08,30470.738999999998
RP,2015,143.293882007493,0.97,102113.20599999999
RUS,2015,468.625683491953,70.9,144985.059
SIN,2015,89.360031609519,0.5,5592.143
CT,2015,355.3405692391491,21.39,23557.472999999904
THA,2015,308.132958121022,3.72,68714.519
USA,2015,2180.0423045342595,78.85,320878.312
VN,2015,81.71357819899389,5.65,92677.082
AUS,2016,71.4332897321476,5.26,24262.71
BD,2016,2.9283645079806804,1.0,419.791
CDA,2016,178.110240570995,12.65,36382.942
CHL,2016,47.4871307516724,1.15,18209.072
PRC,2016,5320.81039319777,807.61,1414049.3530000001
HKC,2016,4.59729425403017,1.0,7243.541
INA,2016,565.2051967884802,4.75,261556.38600000003
JPN,2016,1049.28637960244,104.78,127763.26699999999
KOR,2016,515.845432147172,68.58,50983.445999999996
MAS,2016,170.863547646505,2.76,30684.652000000002
MEX,2016,410.59975542348394,18.82,123333.379
NZ,2016,19.0158288548207,0.58,4659.265
PNG,2016,0.685222567345153,1.0,8271.766
PE,2016,51.18727483929281,1.17,30926.036
RP,2016,150.323256093993,1.08,103663.81199999999
RUS,2016,452.57250017179496,70.45,145275.374
SIN,2016,89.5910654504567,0.52,5653.625
CT,2016,370.22696519463204,21.75,23618.201
THA,2016,316.613714167368,3.83,68971.313
USA,2016,2120.2092405183103,78.48,323015.99199999997
VN,2016,90.40594710744502,7.81,93640.435
AUS,2017,69.71573667241789,5.33,24584.619
BD,2017,3.27733294785594,1.0,424.481
CDA,2017,183.41537155807305,13.21,36732.091
CHL,2017,45.55385478635179,1.16,18470.435
PRC,2017,5748.476430146558,870.85,1421021.794
HKC,2017,4.541180022718001,1.0,7306.315
INA,2017,583.4563541262089,5.2,264650.969
JPN,2017,1072.21021966882,104.66,127502.728
KOR,2017,547.3378479359919,71.03,51096.407999999996
MAS,2017,181.166524804306,3.21,31104.655
MEX,2017,426.30523303747896,19.95,124777.326
NZ,2017,19.610731604334198,0.66,4702.029
PNG,2017,0.7145830865843521,1.0,8438.038
PE,2017,51.00902926061371,1.21,31444.299
RP,2017,158.64699438076505,1.38,105172.921
RUS,2017,467.875664318225,71.49,145530.091
SIN,2017,99.53374892556559,0.6,5708.04199999999
CT,2017,402.32943738069804,22.44,23674.546000000002
THA,2017,328.6591915070989,6.76,69209.817
USA,2017,2173.31953535193,81.61,325084.75800000003
VN,2017,103.780917181563,11.47,94600.64300000001
AUS,2018,71.53742809939659,5.69,24898.153
BD,2018,3.6437576520279498,1.0,428.96
CDA,2018,186.894714855781,13.44,37074.558
CHL,2018,47.989496396635104,1.15,18729.166
PRC,2018,6149.266676886739,928.26,1427647.789
HKC,2018,4.453509802315691,1.0,7371.728
INA,2018,604.5032408445388,6.18,267670.549
JPN,2018,1080.6641241453399,104.32,127202.19
KOR,2018,554.9295308677749,72.46,51171.7
MAS,2018,187.218343305812,4.11,31528.033
MEX,2018,437.0147299329921,20.2,126190.78199999999
NZ,2018,20.1546491719537,0.65,4743.130999999989
PNG,2018,0.7087179726978919,1.0,8606.324
PE,2018,52.912262658717395,1.22,31989.265
RP,2018,165.075930994092,1.47,106651.394
RUS,2018,481.90894084450105,72.04,145734.034
SIN,2018,113.249475914111,0.62,5757.503000000001
CT,2018,429.8248303700231,23.24,23726.46
THA,2018,337.17433427188496,6.4,69428.454
USA,2018,2236.93961206694,86.61,327096.26300000004
VN,2018,115.943738676738,15.47,95545.959
